filename,speed,shannon_index,fitness
example.svs_286cols_210rows.csv.h5ad,9.899763310255752,3.2673517255077,32.34600873388195
