filename,speed,shannon_index,fitness
example.svs_286cols_210rows.csv.h5ad,0.42490262526824935,2.6476940576845562,1.1250121560173116
